<?xml version="1.0" encoding="utf-8" standalone="yes"?>
<rss version="2.0" xmlns:atom="http://www.w3.org/2005/Atom">
  <channel>
    <title>My Hugo Site</title>
    <link>http://localhost:1313/</link>
    <description>Recent content on My Hugo Site</description>
    <generator>Hugo</generator>
    <language>ru-ru</language>
    <atom:link href="http://localhost:1313/index.xml" rel="self" type="application/rss+xml" />
    <item>
      <title></title>
      <link>http://localhost:1313/about/</link>
      <pubDate>Mon, 01 Jan 0001 00:00:00 +0000</pubDate>
      <guid>http://localhost:1313/about/</guid>
      <description>&lt;h1 id=&#34;about-page&#34;&gt;About Page&lt;/h1&gt;&#xA;&lt;p&gt;This is the about page for my Hugo site.&lt;/p&gt;&#xA;&lt;h2 id=&#34;created-for-educational-purposes&#34;&gt;Created for educational purposes&lt;/h2&gt;&#xA;&lt;ul&gt;&#xA;&lt;li&gt;Learning Hugo&lt;/li&gt;&#xA;&lt;li&gt;Static site generation&lt;/li&gt;&#xA;&lt;li&gt;Markdown content&lt;/li&gt;&#xA;&lt;/ul&gt;</description>
    </item>
    <item>
      <title></title>
      <link>http://localhost:1313/posts/first-post/</link>
      <pubDate>Mon, 01 Jan 0001 00:00:00 +0000</pubDate>
      <guid>http://localhost:1313/posts/first-post/</guid>
      <description>&lt;h1 id=&#34;мой-первый-пост-на-hugo&#34;&gt;Мой первый пост на Hugo&lt;/h1&gt;&#xA;&lt;p&gt;Дата: 10 декабря 2025&lt;/p&gt;&#xA;&lt;p&gt;Сегодня я начал изучать Hugo - генератор статических сайтов.&lt;/p&gt;&#xA;&lt;h2 id=&#34;что-я-сделал&#34;&gt;Что я сделал:&lt;/h2&gt;&#xA;&lt;ol&gt;&#xA;&lt;li&gt;Установил Hugo v0.152.2&lt;/li&gt;&#xA;&lt;li&gt;Создал новый сайт&lt;/li&gt;&#xA;&lt;li&gt;Написал контент в Markdown&lt;/li&gt;&#xA;&lt;li&gt;Запустил локальный сервер&lt;/li&gt;&#xA;&lt;/ol&gt;&#xA;&lt;h2 id=&#34;впечатления&#34;&gt;Впечатления:&lt;/h2&gt;&#xA;&lt;p&gt;Hugo очень быстрый и простой в использовании!&lt;/p&gt;</description>
    </item>
  </channel>
</rss>
